{"cameraMode":{"drawMode":0,"name":"Shaded","section":"Shading Mode"},"sceneLighting":false,"audioPlay":false,"sceneViewState":{"showFog":true,"showMaterialUpdate":false,"showSkybox":true,"showFlares":true,"showImageEffects":true,"showParticleSystems":true},"in2DMode":false,"pivot":{"x":979.0366821289063,"y":42.39885711669922,"z":430.0238342285156},"rotation":{"x":0.24666795134544373,"y":0.14900048077106477,"z":-0.038459643721580508,"w":0.9568354487419128},"size":787.1526489257813,"orthographic":false}