{"cameraMode":{"drawMode":0,"name":"Shaded","section":"Shading Mode"},"sceneLighting":true,"audioPlay":false,"sceneViewState":{"showFog":true,"showMaterialUpdate":false,"showSkybox":true,"showFlares":true,"showImageEffects":true,"showParticleSystems":true},"in2DMode":false,"pivot":{"x":-2.296649932861328,"y":-2.775693416595459,"z":-6.788415908813477},"rotation":{"x":-0.04467121139168739,"y":0.9552934169769287,"z":-0.20242512226104737,"w":-0.21081450581550599},"size":10.0,"orthographic":false}