{"cameraMode":{"drawMode":0,"name":"Shaded","section":"Shading Mode"},"sceneLighting":false,"audioPlay":false,"sceneViewState":{"showFog":true,"showMaterialUpdate":false,"showSkybox":true,"showFlares":true,"showImageEffects":true,"showParticleSystems":true},"in2DMode":false,"pivot":{"x":6.268067836761475,"y":4.910239219665527,"z":-1.3787734508514405},"rotation":{"x":0.09425298869609833,"y":-0.8824201822280884,"z":0.20028704404830934,"w":0.41520243883132937},"size":10.40221881866455,"orthographic":false}