{"cameraMode":{"drawMode":0,"name":"Shaded","section":"Shading Mode"},"sceneLighting":true,"audioPlay":false,"sceneViewState":{"showFog":true,"showMaterialUpdate":false,"showSkybox":true,"showFlares":true,"showImageEffects":true,"showParticleSystems":true},"in2DMode":false,"pivot":{"x":670.1055297851563,"y":496.2622375488281,"z":-654.3836059570313},"rotation":{"x":-0.0731743723154068,"y":-0.03828899562358856,"z":0.0006698143552057445,"w":-0.9967494606971741},"size":70.71067810058594,"orthographic":false}